19904e563ef817eb	2025-09-01T10:49:25Z
1990a3dec863b021	2025-09-02T11:44:13Z
1990f9c76803cedd	2025-09-03T12:45:36Z
1991832ebc9e5033	2025-09-05T04:46:53Z
1991a512c5ffd49d	2025-09-05T14:39:10Z
1991eab69d913cc8	2025-09-06T10:56:13Z
19923dc1a4bd70d0	2025-09-07T11:07:31Z
19928b07839a27cc	2025-09-08T09:37:57Z
1992e01b52ee4e3b	2025-09-09T10:24:48Z
1993373e8390bf82	2025-09-10T11:47:37Z
199387eb22b9279b	2025-09-11T11:17:31Z
1993d62a1c0f95c5	2025-09-12T10:04:56Z
19942a144a8c539d	2025-09-13T10:31:28Z
199483a1bdb3a645	2025-09-14T12:36:31Z
1994d2207bd9ca93	2025-09-15T11:28:18Z
19952c59796186b7	2025-09-16T13:45:02Z
199582c4d23cf268	2025-09-17T14:55:21Z
1995c60dbf29c719	2025-09-18T10:31:14Z
19961c79373ed67f	2025-09-19T11:41:31Z
19966945c076810e	2025-09-20T10:03:41Z
1996bcea9c083fb4	2025-09-21T10:25:28Z
19970ae17e307c17	2025-09-22T09:08:01Z
1997623406528a08	2025-09-23T10:34:05Z
1997b68bb4ecab0a	2025-09-24T11:08:04Z
1998030f49287e61	2025-09-25T09:25:15Z
1998679ea2214023	2025-09-26T14:42:39Z
1998acff6a831fb1	2025-09-27T10:55:08Z
1999018960a918e6	2025-09-28T11:32:33Z
199954cc9180c540	2025-09-29T11:47:40Z
1999a45861fd82ff	2025-09-30T10:57:51Z
1999f6076e55bde7	2025-10-01T10:45:22Z
199a443d59507983	2025-10-02T09:32:12Z
199aa15ce4df2658	2025-10-03T12:39:39Z
199aedc6cb0ebe1d	2025-10-04T10:55:04Z
199b3c5c42ee1d45	2025-10-05T09:48:26Z
199b900be0e81579	2025-10-06T10:10:58Z
199bdfbfd290b2b9	2025-10-07T09:23:51Z
199c3434b2ac1511	2025-10-08T09:59:51Z
199c87542c2c4a5d	2025-10-09T10:12:31Z
199cdd3dbdd24966	2025-10-10T11:13:57Z
199d2db06ec48146	2025-10-11T10:39:52Z
199d7f989afb4728	2025-10-12T10:31:19Z
199dd80da9ba02cd	2025-10-13T12:17:13Z
199e27753ca4fb1f	2025-10-14T11:24:53Z
199e737083dbb8e8	2025-10-15T09:32:46Z
199ec7375eba6459	2025-10-16T09:56:53Z
199f1ab4c5d4c3e8	2025-10-17T10:15:59Z
199f6eb8b7f03470	2025-10-18T10:44:14Z
199fbc8c86b70445	2025-10-19T09:24:24Z
19a00be2b5205ac8	2025-10-20T08:30:53Z
19a0654cab4ca28e	2025-10-21T10:33:31Z
19a0cf02e7e51df9	2025-10-22T17:20:57Z
19a10b17b3c48a20	2025-10-23T10:50:58Z
19a159a653c17d94	2025-10-24T09:43:50Z
19a1af325883bd00	2025-10-25T10:38:53Z
19a2065b62fa263f	2025-10-26T12:02:07Z
19a25c9e73c2ecf8	2025-10-27T13:09:39Z
19a2ad038a544e4f	2025-10-28T12:34:40Z
19a2fe1749b656e0	2025-10-29T12:11:34Z
19a353f88d57e9c5	2025-10-30T13:12:27Z
19a39e519c41bc2a	2025-10-31T10:51:46Z
19a3f33328e2e16e	2025-11-01T11:35:10Z
19a4471a5b2f69c3	2025-11-02T12:01:28Z
19a49a66ce09dec6	2025-11-03T12:17:14Z
19a4e4f473c06f78	2025-11-04T10:00:09Z
19a53c59616836f5	2025-11-05T11:27:28Z
19a58f4ebea7b711	2025-11-06T11:37:15Z
19a5e0020b7fc075	2025-11-07T11:07:37Z
19a6359f22977f93	2025-11-08T12:03:50Z
19a689228e73f331	2025-11-09T12:23:19Z
19a6d98f7a009413	2025-11-10T11:48:51Z
19a72b5ca9552510	2025-11-11T11:38:25Z
19a7823a26fb677e	2025-11-12T12:56:31Z
19a7d05daa0d1866	2025-11-13T11:42:06Z
19a8229d3b7ecca1	2025-11-14T11:39:30Z
19a873f0460b2d35	2025-11-15T11:20:44Z
19a8c5d37cac3096	2025-11-16T11:11:50Z
19a91c75b0584a1f	2025-11-17T12:25:51Z
19a9704f1873693b	2025-11-18T12:51:13Z
19a9c251bccba1ec	2025-11-19T12:44:28Z
19aa14117c2611f6	2025-11-20T12:33:08Z
19aa604a1b9af85f	2025-11-21T10:45:11Z
19aab194afeaaac2	2025-11-22T10:25:52Z
19ab02fff4fa23ee	2025-11-23T10:08:46Z
19ab5cb996147d66	2025-11-24T12:16:49Z
19aba66b477c8bb6	2025-11-25T09:44:44Z
19abfb2b3c21f882	2025-11-26T10:25:51Z
19ac48f7d7d2063b	2025-11-27T09:05:28Z
19aca4d644d48b54	2025-11-28T11:50:59Z
19acf14a9d836a1f	2025-11-29T10:07:07Z
19ad467df91b3b29	2025-11-30T10:56:08Z
19ad99686852b5f3	2025-12-01T11:05:10Z
19adef30fea62c5d	2025-12-02T12:04:21Z
19ae3f14eb44113e	2025-12-03T11:20:33Z
19ae8b9bc947bc04	2025-12-04T09:37:58Z
19aede5a322b46f0	2025-12-05T09:44:00Z
19af31ffb0c28c0d	2025-12-06T10:05:50Z
19af8acf2cffe950	2025-12-07T11:57:55Z
19afdc0ecda56320	2025-12-08T11:37:50Z
19b02d4edf783fa3	2025-12-09T11:17:45Z
19b0844fe0c9db61	2025-12-10T12:38:16Z
19b0d1e59b518e8e	2025-12-11T11:14:10Z
19b1218574b084c1	2025-12-12T10:25:43Z
19b17733f533d1ba	2025-12-13T11:23:06Z
19b1c51594b39c3b	2025-12-14T10:04:12Z
19b21c415fa4a00e	2025-12-15T11:27:36Z
19b27035ddb9cf69	2025-12-16T11:54:49Z
19b2bf2cd91948cd	2025-12-17T10:54:47Z
19b313e19af2c211	2025-12-18T11:35:10Z
19b3655056f7e363	2025-12-19T11:18:18Z
19b3b276504fee34	2025-12-20T09:46:35Z
19b40ac743d77194	2025-12-21T11:30:00Z
19b45f20c076df89	2025-12-22T12:04:09Z
19b4b1eec5836949	2025-12-23T12:11:15Z
19b51be7c6adf353	2025-12-24T19:03:16Z
19b5563f79caa67e	2025-12-25T12:02:52Z
19b5a49f846a3919	2025-12-26T10:52:34Z
19b5f5c1678a9f17	2025-12-27T10:30:29Z
19b6471fbf069cf7	2025-12-28T10:12:28Z
19b697503c6f6297	2025-12-29T09:33:53Z
19b6edefc1aaa381	2025-12-30T10:47:46Z
19b73b51eaa0f14f	2025-12-31T09:20:06Z
19b7939107be8e87	2026-01-01T11:02:21Z
19b7e986d34265d3	2026-01-02T12:04:35Z
19b8388ee448538f	2026-01-03T11:05:47Z
19b88e46137d2b76	2026-01-04T12:03:46Z
19b8dd229bd8e18b	2026-01-05T11:01:59Z
19b92f7b78195807	2026-01-06T11:01:04Z
19b985edc411d3f1	2026-01-07T12:11:42Z
19b9d96fa6e581e1	2026-01-08T12:31:15Z
19ba267de735d3f4	2026-01-09T10:57:54Z
19ba75c9d5a8c5a2	2026-01-10T10:03:42Z
19bac6e8a4513201	2026-01-11T09:41:23Z
19bb1ab5dbc3f7f9	2026-01-12T10:05:56Z
19bb6796ccbd904a	2026-01-13T08:29:28Z
19bbbde9d53b4dc7	2026-01-14T09:38:07Z
19bc0fcee7c839d7	2026-01-15T09:29:19Z
19bc67cd0b726bd7	2026-01-16T11:07:05Z
19bcb6a3823c6f29	2026-01-17T10:04:54Z
19bd0e97519d1678	2026-01-18T11:41:57Z
19bd617845bbdfd8	2026-01-19T11:50:23Z
19bdb25d1a5488e6	2026-01-20T11:24:06Z
19be07e063a6e712	2026-01-21T12:18:33Z
19be59509bd3248c	2026-01-22T12:01:46Z
19bea67760251c43	2026-01-23T10:30:05Z
19bef7d16323517b	2026-01-24T10:11:51Z
19bf5458df013a99	2026-01-25T13:08:53Z
19bfa90c58254a1b	2026-01-26T13:49:09Z
19bfeab41cc2213d	2026-01-27T08:56:33Z
19c04739d7aca353	2026-01-28T11:53:29Z
19c0939260088d56	2026-01-29T10:07:45Z
19c0e02478f6a9d6	2026-01-30T08:25:55Z
19c13bb95937ec7a	2026-01-31T11:06:25Z
19c1927465c8df00	2026-02-01T12:22:08Z
19c1e5244b6efc71	2026-02-02T12:27:13Z
19c232db92625213	2026-02-03T11:05:25Z
19c289e2e96d8ab4	2026-02-04T12:26:21Z
19c2d5cf4eebd18b	2026-02-05T10:33:12Z
19c32a531b69eb50	2026-02-06T11:10:11Z
19c37c4f397e9bca	2026-02-07T11:02:59Z
19c3cbf4345f754a	2026-02-08T10:14:52Z
19c4224652fc89a2	2026-02-09T11:23:26Z
19c470586f989c3a	2026-02-10T10:07:49Z
19c4c881aeb648c8	2026-02-11T11:48:32Z
19c51b1299b01a5c	2026-02-12T11:51:29Z
19c56cee0ef7d898	2026-02-13T11:42:03Z
19c5bd374530fd67	2026-02-14T11:05:07Z
19c60cb36b6e726a	2026-02-15T10:14:15Z
19c6612c0920fbed	2026-02-16T10:50:30Z
19c6b030bea00be0	2026-02-17T09:51:26Z
19c7007a19da5bf7	2026-02-18T09:14:34Z
19c75e5bcba54b1b	2026-02-19T12:35:15Z
19c7ae01cf38ecd0	2026-02-20T11:47:12Z
19c8014fd121aaa6	2026-02-21T12:03:04Z
19c851a8a1d2e476	2026-02-22T11:27:15Z
19c8a469a426aa5e	2026-02-23T11:33:27Z
19c8f9300ba2ed78	2026-02-24T12:15:00Z
19c94c68d3eaef1d	2026-02-25T12:29:25Z
19c9999ac053744e	2026-02-26T10:58:31Z
19c9f673340dd08d	2026-02-27T14:01:05Z
19ca3c3499ef688c	2026-02-28T10:20:09Z
19ca926016a3a3ae	2026-03-01T11:26:05Z
19cae6fca159c406	2026-03-02T12:04:46Z
19cb3480b939b111	2026-03-03T10:39:28Z
19cb8524712680ab	2026-03-04T10:08:46Z
19cbd6636f182a4a	2026-03-05T09:48:38Z
19cc2ed0f9c9555e	2026-03-06T11:34:00Z
19cc7ed73615635a	2026-03-07T10:52:32Z
19ccd251068ea65b	2026-03-08T11:11:23Z
19cd2a6684f65e24	2026-03-09T12:50:46Z
19cd8371ed2719a2	2026-03-10T14:46:56Z
19cdcbbf8dc2ab63	2026-03-11T11:50:31Z
19ce1da31ab2c83b	2026-03-12T11:41:37Z
19ce6e821b362bbb	2026-03-13T11:14:57Z
19cec24653146b25	2026-03-14T11:38:52Z
19cf15087ccda9a3	2026-03-15T11:45:11Z
19cf67186fc1b309	2026-03-16T11:39:21Z
19cfbcd17a31511b	2026-03-17T12:37:26Z
19d00498e4c283af	2026-03-18T09:31:53Z
19d0532fe489fb8d	2026-03-19T08:25:20Z
19d0a6db84ffe4b2	2026-03-20T08:47:36Z
19d0fb0ab7cb8a0d	2026-03-21T09:18:48Z
19d159702fefddc8	2026-03-22T12:48:29Z
19d1ab09aa37b0ad	2026-03-23T12:34:34Z
19d1fd590a334512	2026-03-24T12:33:00Z
19d24dd25a65dcac	2026-03-25T11:59:25Z
19d2a44aa05361ad	2026-03-26T13:10:35Z
19d2f12fc727f8f9	2026-03-27T11:34:26Z
19d33d5f8271902d	2026-03-28T09:45:53Z
19d395de385657fb	2026-03-29T11:32:26Z
19d3e6c7aa991108	2026-03-30T11:06:28Z
19d435cc4f15c348	2026-03-31T10:07:25Z
19d48a1b588a1e4a	2026-04-01T10:40:50Z
19d4dc7a70d84e75	2026-04-02T10:40:22Z
19d531a55a1f5d06	2026-04-03T11:28:47Z
19d57db196b696b2	2026-04-04T09:37:48Z
19d5cbe252936731	2026-04-05T08:24:17Z
19d62391ef43940e	2026-04-06T09:56:43Z
19d674041bed6ffe	2026-04-07T09:22:37Z
19d6c23bc0bb3539	2026-04-08T08:09:33Z
19d7143cec243ef3	2026-04-09T08:02:35Z
19d7713ce71e967b	2026-04-10T11:07:59Z
19d7bfebd808f4ba	2026-04-11T10:03:05Z
19d810f7440545b4	2026-04-12T09:39:26Z
19d869d1fd285420	2026-04-13T11:32:15Z
19d8b89d692a4f17	2026-04-14T10:29:19Z
19d9094bd7903b82	2026-04-15T09:59:20Z
19d95962b9bc76c2	2026-04-16T09:18:58Z
19d9b0aec35c0ff9	2026-04-17T10:44:37Z
19da0297e4b19afd	2026-04-18T10:36:06Z
19da54a5d020c955	2026-04-19T10:30:06Z
19daa2ffafb1a81a	2026-04-20T09:19:23Z
19daf5f6006d9b73	2026-04-21T09:29:16Z
19db4b0ccdb7eb3e	2026-04-22T10:16:19Z
19db9f7b09caec05	2026-04-23T10:51:49Z
19dbf062b5cc7faf	2026-04-24T10:25:45Z
19dc46b450e89d84	2026-04-25T11:34:16Z
19dc97e73a954257	2026-04-26T11:13:18Z
19dce2043ffa6b6f	2026-04-27T08:48:33Z
19dd3cde1bce5c78	2026-04-28T11:16:10Z
19dd8dccc2e470b3	2026-04-29T10:50:41Z
19dde6b3e6107d0b	2026-04-30T12:44:23Z
19de33725a96b6d1	2026-05-01T11:05:33Z
19de84cf01dbdb83	2026-05-02T10:47:29Z
19ded8ebe029cd90	2026-05-03T11:17:27Z
19df2dc09b959f83	2026-05-04T11:59:58Z
19df808797215cb7	2026-05-05T12:06:37Z
19dfce53c707e4b7	2026-05-06T10:46:15Z
19e020336edf857e	2026-05-07T10:37:04Z
19e071a32421177a	2026-05-08T10:20:17Z
19e0cbd801bc82d0	2026-05-09T12:36:45Z
19e117ef46e1c1a7	2026-05-10T10:46:32Z
19e16dd13681e933	2026-05-11T11:47:26Z
19e21174b90dc5c2	2026-05-13T11:27:13Z
19e219aba7370ad2	2026-05-13T13:50:48Z
19e25f02d61e716c	2026-05-14T10:02:36Z
19e2b71fbd9127a6	2026-05-15T11:42:29Z
19e30790fe5796ee	2026-05-16T11:08:20Z
19e35dad43fa8997	2026-05-17T12:13:13Z
19e3aa90a29427ff	2026-05-18T10:36:56Z
19e3fcacf101b089	2026-05-19T10:31:55Z
19e452ddff8c53f7	2026-05-20T11:38:13Z
19e4a38420a6e58d	2026-05-21T11:07:40Z
19e4f4844f9ddee7	2026-05-22T10:43:16Z
19e54a4be77174de	2026-05-23T11:42:22Z
19e59829d0aedbf5	2026-05-24T10:23:12Z
19e5ebe0decffb58	2026-05-25T10:46:13Z
19e63b12cb9790b7	2026-05-26T09:50:15Z
19e69279bfab6727	2026-05-27T11:17:42Z
19e6e2b6a2d8c948	2026-05-28T10:39:58Z
19e73829bf99d369	2026-05-29T11:33:18Z
19e785e2a15e50d5	2026-05-30T10:11:37Z
19e7dcd20f75515b	2026-05-31T11:30:54Z
19e8328f1498ff66	2026-06-01T12:29:17Z
19e8827659f3082e	2026-06-02T11:45:42Z
19e8d12c8e011290	2026-06-03T10:41:18Z
19e92823f4ed9851	2026-06-04T12:01:08Z
19e97831e44c6576	2026-06-05T11:20:11Z
19e9c8ed696fe407	2026-06-06T10:51:06Z
19ea19b8a300f868	2026-06-07T10:23:05Z
19ea6fa07b0d2e57	2026-06-08T11:24:23Z
19eac1b284381cbb	2026-06-09T11:18:41Z
19eb1538ae183278	2026-06-10T11:38:22Z
19eb643f907944bc	2026-06-11T10:39:27Z
19ebbb3f55691844	2026-06-12T11:59:52Z
19ec0ab42435a52e	2026-06-13T11:08:29Z
19ec515a07762094	2026-06-14T07:43:09Z
19eca0bd9693ee01	2026-06-15T06:50:33Z
19ed005b3ff39ecc	2026-06-16T10:41:35Z
19ed55f50be84d58	2026-06-17T11:37:32Z
19eda69b0515f40d	2026-06-18T11:06:58Z
19edfb9e80aba2a4	2026-06-19T11:52:41Z
19ee401ec53344f3	2026-06-20T07:49:51Z
19ee9c7ac2229ceb	2026-06-21T10:43:56Z
19eef1de12e45e85	2026-06-22T11:36:12Z
19ef426b23d509c4	2026-06-23T11:03:56Z
19ef9111e1da3ff2	2026-06-24T09:58:29Z
19efe9bcce0f2a67	2026-06-25T11:48:03Z
19f03bb8f41e7549	2026-06-26T11:40:49Z
19f08e41352b7d42	2026-06-27T11:43:10Z
19f0daa27c0c6d4b	2026-06-28T09:58:02Z
19f0dab9b255552b	2026-06-28T09:59:38Z
19f132bfb0911828	2026-06-29T11:37:55Z
19f18aa78b83932c	2026-06-30T13:14:11Z
19f1d5ea97009662	2026-07-01T11:09:29Z
19f22b58eaf3d2f1	2026-07-02T12:02:29Z
19f281637a1d0e5d	2026-07-03T13:06:12Z
19f2c265816e72bd	2026-07-04T08:02:17Z
19f316f8e9751c83	2026-07-05T08:40:21Z
19f3654783c32442	2026-07-06T07:28:52Z
19f3c09effdf1149	2026-07-07T10:05:08Z
19f40bac3a815cfd	2026-07-08T07:56:48Z
19f46491729954ac	2026-07-09T09:50:20Z
19f4b854bca24978	2026-07-10T10:14:12Z
19f50444ec084ccc	2026-07-11T08:21:20Z
19f5580fb82060e8	2026-07-12T08:45:43Z
19f5ad60c019ac0f	2026-07-13T09:36:45Z
19f6038e42682898	2026-07-14T10:42:49Z
19f654a0ac95125e	2026-07-15T10:19:36Z
19f6a9f479f0bbf4	2026-07-16T11:10:50Z
19f6fe26d6ec51d7	2026-07-17T11:42:16Z
19f7462261f838e3	2026-07-18T08:40:16Z
19f79eff58260695	2026-07-19T10:33:15Z
19f7f48de1202cbc	2026-07-20T11:28:28Z
19f84616d43d68e2	2026-07-21T11:13:24Z
19f89689bb272307	2026-07-22T10:39:22Z
19f8e832a86ee6a8	2026-07-23T10:26:29Z
19f93b32aa2fbe85	2026-07-24T10:37:00Z
19f983053611b494	2026-07-25T07:32:11Z
19f9e17db6e4e4bf	2026-07-26T11:03:11Z
19fa379a8fa57731	2026-07-27T12:08:05Z
19fa886141885d83	2026-07-28T11:39:46Z
19fad7f1cce75cc3	2026-07-29T10:50:16Z
19fb2afae777f197	2026-07-30T11:01:23Z
19fb7ab1042f30e2	2026-07-31T10:14:28Z
19fbce866346b4ac	2026-08-01T10:39:34Z
19fc224af2657965	2026-08-02T11:03:30Z
19fc733f2b439ee6	2026-08-03T10:38:18Z
19fcc6d871ba1279	2026-08-04T10:59:17Z
19fd219ce07b7f83	2026-08-05T13:25:32Z
19fd6ba99bf8aa9b	2026-08-06T10:59:39Z
19fdbfabcf359369	2026-08-07T11:27:49Z
19fe10a4271a6975	2026-08-08T11:02:53Z
19fe6638c1a329be	2026-08-09T11:58:30Z
19feb7037de9a98a	2026-08-10T11:30:26Z
19ff09e106e96310	2026-08-11T11:38:37Z
19ff59e9199cb862	2026-08-12T10:57:17Z
19ffae855e3e3531	2026-08-13T11:35:56Z
1a0002a33f164618	2026-08-14T12:05:59Z
1a004d96fcddf2de	2026-08-15T09:55:53Z
1a00a212f5f7e166	2026-08-16T10:32:21Z
1a00f430179e5987	2026-08-17T10:27:23Z
1a014cf0baddbf4c	2026-08-18T12:18:28Z
1a019165226270d8	2026-08-19T08:14:48Z
1a01e52e7718d5c5	2026-08-20T08:39:03Z
